ID,Region,VesselType,OverlapMean,OverlapMedian,OverlapSD,OverlapSE,ColRiskMean,ColRiskMedian,ColRiskSD,ColRiskSE
ID1,PAC_E,Total,83.33333333,100,33.33333333,16.66666667,0.000212979,3.49E-05,0.000273411,6.27E-05
ID2,PAC_E,Total,100,100,0,0,3.19E-05,2.98E-05,2.12E-05,9.47E-06
ID3,PAC_E,Total,89.47368421,89.47368421,NA,NA,2.77E-05,1.94E-05,2.60E-05,5.97E-06
ID4,PAC_E,Total,99.15966387,100,2.223320429,0.840336134,0.000312022,0.000105349,0.000542005,5.10E-05
ID5,PAC_E,Total,89.81481481,100,20.00514337,8.167065582,0.000264915,0.000102488,0.000589269,7.15E-05
ID6,PAC_E,Total,83.33333333,100,28.86751346,16.66666667,4.90E-05,5.52E-05,4.33E-05,1.12E-05
ID7,PAC_E,Total,100,100,0,0,0.00030081,6.83E-05,0.00074954,0.000126695
ID8,PAC_E,Total,33.33333333,33.33333333,NA,NA,5.87E-06,0,1.02E-05,5.87E-06
ID9,PAC_E,Total,100,100,0,0,4.29E-05,3.62E-05,2.92E-05,4.22E-06
ID10,PAC_E,Total,94.73684211,94.73684211,7.443229276,5.263157895,4.27E-05,1.79E-05,5.43E-05,9.44E-06
ID11,PAC_E,Total,100,100,NA,NA,3.31E-05,2.43E-05,1.70E-05,6.41E-06
ID12,PAC_E,Total,97.91666667,100,4.166666667,2.083333333,3.29E-05,2.89E-05,1.83E-05,2.97E-06
ID13,PAC_E,Total,100,100,0,0,0.000240168,0.000124622,0.00047568,6.09E-05
ID14,PAC_E,Total,100,100,0,0,3.94E-05,3.88E-05,1.95E-05,3.34E-06
ID15,PAC_E,Total,100,100,0,0,2.67E-05,2.38E-05,1.20E-05,1.63E-06
ID16,PAC_E,Total,92.30769231,92.30769231,NA,NA,3.28E-05,9.01E-06,4.74E-05,1.31E-05
ID17,PAC_E,Total,97.91666667,97.91666667,2.946278255,2.083333333,7.42E-05,4.72E-05,8.00E-05,1.23E-05
ID18,PAC_E,Total,100,100,NA,NA,0.000263436,0.000160276,0.00022484,7.95E-05
ID19,PAC_E,Total,100,100,NA,NA,1.79E-05,1.79E-05,1.21E-05,8.53E-06
ID20,PAC_E,Total,57.14285714,57.14285714,NA,NA,9.02E-06,1.35E-05,8.62E-06,3.26E-06
ID21,PAC_E,Total,100,100,0,0,5.16E-05,4.40E-05,3.25E-05,5.84E-06
ID22,PAC_E,Total,100,100,NA,NA,1.93E-05,1.35E-05,1.32E-05,3.98E-06
ID23,PAC_E,Total,95.58823529,100,8.823529412,4.411764706,9.46E-05,7.16E-05,0.0001081,1.85E-05
ID24,PAC_E,Total,97.77777778,100,3.849001795,2.222222222,3.33E-05,3.08E-05,1.80E-05,2.79E-06
ID25,PAC_E,Total,100,100,0,0,0.000128195,9.00E-05,0.000121133,4.95E-05
ID26,PAC_E,Total,97.77777778,100,4.96903995,2.222222222,5.37E-05,4.04E-05,4.76E-05,6.54E-06
ID27,PAC_E,Total,90,90,14.14213562,10,3.98E-05,1.01E-05,5.32E-05,2.01E-05
ID28,PAC_E,Total,100,100,0,0,4.24E-05,4.11E-05,1.87E-05,3.31E-06
ID29,IND_NW,Total,100,100,NA,NA,7.25E-05,7.25E-05,NA,NA
ID30,IND_NW,Total,100,100,0,0,7.34E-05,6.87E-05,4.15E-05,2.40E-05
ID31,IND_NW,Total,100,100,NA,NA,0.019537027,0.020331169,0.008128686,0.003318522
ID32,IND_NW,Total,100,100,0,0,5.73E-05,5.24E-05,3.71E-05,1.85E-05
ID33,IND_NW,Total,100,100,0,0,2.89E-05,2.89E-05,7.86E-06,5.56E-06
ID34,IND_NW,Total,100,100,0,0,0.007924279,0.002406172,0.01244441,0.003325909
ID35,IND_NW,Total,100,100,0,0,0.000430766,0.000381357,0.000309709,0.000154854
ID36,PAC_E,Total,100,100,0,0,0.005748745,0.001325442,0.009247816,0.003775405
ID37,PAC_E,Total,100,100,0,0,0.000789109,0.000604037,0.000730042,0.000298038
ID38,PAC_E,Total,98.41269841,100,4.199605256,1.587301587,0.003140694,0.000873191,0.006217476,0.000759586
ID39,PAC_E,Total,100,100,0,0,0.000772322,0.00012143,0.002711088,0.000181548
ID40,PAC_E,Total,100,100,0,0,0.00102024,0.000873598,0.000817454,0.000308968
ID41,PAC_E,Total,100,100,0,0,0.000958697,0.00036571,0.000999138,0.000301251
ID42,PAC_E,Total,100,100,0,0,0.000395931,6.62E-05,0.000669908,0.000299592
ID43,PAC_E,Total,100,100,0,0,0.001511709,0.001319674,0.001331847,0.000665924
ID44,PAC_E,Total,99.45652174,100,1.537188655,0.543478261,0.000382273,0.000116623,0.000922465,8.09E-05
ID45,PAC_E,Total,100,100,0,0,0.001640381,0.001838233,0.001013398,0.000506699
ID46,PAC_E,Total,100,100,0,0,0.001402356,0.001402356,0.001647649,0.001165063
ID47,PAC_E,Total,98.61111111,100,3.402069087,1.388888889,0.000472048,0.000208861,0.001108457,0.000175262
ID48,PAC_E,Total,100,100,0,0,0.000307486,0.000113166,0.000760977,5.42E-05
ID49,PAC_E,Total,100,100,0,0,0.001860142,0.000741326,0.002632021,0.000759799
ID50,PAC_E,Total,100,100,0,0,0.006930876,0.000881084,0.013033251,0.002660401
ID51,PAC_E,Total,100,100,0,0,0.013615895,0.012988701,0.001602984,0.000925483
ID52,PAC_E,Total,100,100,0,0,0.000562622,0.000484909,0.000519211,0.000211967
ID53,PAC_E,Total,50,50,NA,NA,3.10E-05,3.10E-05,4.38E-05,3.10E-05
ID54,PAC_E,Total,8.333333333,0,20.41241452,8.333333333,7.40E-06,0,1.96E-05,7.40E-06
ID55,PAC_E,Total,100,100,0,0,0.003261348,0.003261348,0.003152834,0.00222939
ID56,PAC_E,Total,NA,NA,NA,NA,NA,NA,NA,NA
ID57,PAC_E,Total,33.33333333,33.33333333,NA,NA,3.45E-05,0,5.97E-05,3.45E-05
ID58,PAC_E,Total,0,0,NA,NA,0,0,NA,NA
ID59,PAC_E,Total,70,100,44.72135955,20,0.000218086,8.34E-05,0.000298465,0.000121848
ID60,PAC_E,Total,100,100,0,0,0.000197601,0.000136051,0.000195848,9.79E-05
ID61,PAC_E,Total,97.61904762,100,4.724555913,1.785714286,0.002627211,0.000307507,0.008653798,0.00073666
ID62,PAC_E,Total,100,100,0,0,0.027165949,0.001894587,0.048192122,0.021552172
ID63,PAC_E,Total,99.12280702,100,2.148675213,0.877192982,0.000309009,9.63E-05,0.000659695,5.76E-05
ID64,PAC_E,Total,99.27536232,100,1.774992567,0.724637681,0.004737461,0.000619374,0.012014668,0.001213665
ID65,PAC_E,Total,100,100,0,0,0.008922751,0.000970491,0.023067278,0.004708588
ID66,PAC_E,Total,100,100,0,0,0.002867577,0.00083642,0.003550398,0.00077476
ID67,PAC_E,Total,100,100,0,0,0.004869091,0.005136364,0.002042064,0.001178986
ID68,PAC_E,Total,100,100,NA,NA,0.000186117,0.000186117,NA,NA
ID69,PAC_E,Total,100,100,0,0,0.001087463,0.000525919,0.000935978,0.000418582
ID70,PAC_E,Total,100,100,0,0,0.001361275,0.000560609,0.0020088,0.000205022
ID71,PAC_E,Total,98.18181818,100,4.065578141,1.818181818,0.001513041,0.000515166,0.002298968,0.000574742
ID72,PAC_E,Total,100,100,0,0,0.000804723,0.000219564,0.001356361,0.000606583
ID73,PAC_E,Total,72.91666667,100,45.37104524,16.04108688,0.000396353,9.01E-05,0.001306042,0.00014602
ID74,PAC_E,Total,85.07936508,95.23809524,21.84948166,12.61480412,0.002717799,0.000720893,0.006022003,0.000907851
ID75,PAC_E,Total,100,100,0,0,0.000743729,0.000223416,0.001140866,0.000343984
ID76,PAC_E,Total,100,100,NA,NA,0.000235402,0.000235402,NA,NA
ID77,PAC_E,Total,100,100,0,0,0.000971311,0.001106689,0.000606931,0.000247778
ID78,PAC_E,Total,91.9047619,90,7.330859199,4.232473532,0.000596534,0.000251059,0.000992869,0.000178325
ID79,PAC_E,Total,66.66666667,100,47.14045208,17.81741613,0.006750945,0.000129964,0.014532586,0.00352467
ID80,IND_E,Total,100,100,0,0,0.000339392,0.000116418,0.00037588,6.86E-05
ID81,IND_E,Total,100,100,0,0,0.000245326,7.61E-05,0.000887468,9.68E-05
ID82,IND_E,Total,80.35714286,80.35714286,7.576144084,5.357142857,0.00088996,0.000502353,0.001274204,0.000384187
ID83,IND_E,Total,50,50,70.71067812,50,0.000828716,0.000312814,0.001146876,0.00046821
ID84,IND_E,Total,100,100,0,0,0.000339068,9.09E-05,0.000628959,6.23E-05
ID85,IND_E,Total,92.18020542,91.50326797,6.259492778,3.129746389,0.000493936,0.000438996,0.000415548,6.26E-05
ID86,IND_E,Total,88.88888889,88.88888889,NA,NA,0.001021774,0.000861856,0.00067576,0.000225253
ID87,IND_E,Total,100,100,NA,NA,0.000718002,0.000674729,0.000285245,0.000127566
ID88,IND_E,Total,100,100,0,0,0.00035696,0.000315634,0.00018946,5.99E-05
ID89,IND_E,Total,100,100,NA,NA,0.001273108,0.000496189,0.001431332,0.00082638
ID90,IND_E,Total,100,100,NA,NA,5.25E-05,5.25E-05,NA,NA
ID91,IND_E,Total,100,100,NA,NA,2.70E-05,2.27E-05,1.18E-05,5.29E-06
ID92,IND_E,Total,100,100,0,0,0.000171115,0.000126368,0.000151989,6.80E-05
ID93,IND_E,Total,91.66666667,91.66666667,11.78511302,8.333333333,0.000543793,0.000519813,0.000387514,0.000146466
ID94,IND_E,Total,83.33333333,83.33333333,23.57022604,16.66666667,0.00079968,0.000335725,0.001164507,0.000582253
ID95,IND_E,Total,98.07692308,100,3.846153846,1.923076923,0.001546388,0.000377904,0.002367067,0.000328253
ID96,PAC_E,Total,100,100,0,0,0.000891457,0.000346363,0.001388806,0.000176378
ID97,PAC_E,Total,93.33333333,100,11.54700538,6.666666667,0.00053469,0.000203969,0.000782414,0.00015971
ID98,PAC_E,Total,100,100,0,0,0.000245107,7.36E-05,0.000553865,8.98E-05
ID99,PAC_W,Total,92.08333333,100,14.4637958,6.468406123,0.002675197,0.001244362,0.002938079,0.000453355
ID100,PAC_W,Total,100,100,0,0,0.000939449,0.00055439,0.001014877,0.000191794
ID101,PAC_W,Total,91.66666667,100,11.78511302,5.270462767,0.00148795,0.000758707,0.001706242,0.00026978
ID102,PAC_W,Total,100,100,0,0,0.000565315,0.00048298,0.000471429,0.00021083
ID103,PAC_W,Total,100,100,0,0,0.000365527,0.000324445,0.000267772,7.73E-05
ID104,PAC_W,Total,100,100,0,0,0.001829605,0.000615718,0.002977215,0.000482968
ID105,PAC_W,Total,100,100,NA,NA,0.000849842,0.000708507,0.000446626,0.000199737
ID106,PAC_W,Total,83.33333333,100,28.86751346,16.66666667,0.000581952,0.000301106,0.000639844,0.000226219
ID107,PAC_W,Total,77.77777778,66.66666667,19.24500897,11.11111111,0.001801274,0.000572257,0.002924933,0.00103412
ID108,PAC_W,Total,100,100,0,0,0.001715023,0.000607038,0.002074177,0.000305821
ID109,PAC_W,Total,91.66666667,100,16.66666667,8.333333333,0.000776988,0.000251474,0.001056348,0.000399262
ID110,PAC_W,Total,95,100,10,5,0.001918471,0.001009867,0.002066114,0.000573037
ID111,PAC_W,Total,100,100,0,0,0.000239111,0.000153603,0.000319074,7.98E-05
ID112,PAC_W,Total,100,100,0,0,0.004138642,0.003820117,0.001565036,0.000903574
ID113,PAC_W,Total,100,100,0,0,0.001169902,0.000566801,0.001561237,0.00040311
ID114,PAC_W,Total,50,50,70.71067812,50,0.001270883,0.001090983,0.001369723,0.00079081
ID115,PAC_W,Total,100,100,NA,NA,0.000824833,0.000310563,0.001318485,0.000538269
ID116,IND_SW,Total,100,100,NA,NA,0.000311526,0.000223563,0.000195106,6.90E-05
ID117,IND_SW,Total,100,100,NA,NA,0.001514704,0.001514704,0.001027933,0.000726859
ID118,IND_SW,Total,100,100,0,0,0.000598459,0.00041437,0.000490821,0.000131177
ID119,IND_SW,Total,100,100,0,0,0.000788229,0.000482873,0.001095059,0.000163242
ID120,IND_SW,Total,100,100,NA,NA,0.000803779,0.00038509,0.000771579,0.000314996
ID121,IND_SW,Total,100,100,NA,NA,0.001268046,0.001268046,NA,NA
ID122,IND_SW,Total,100,100,0,0,0.002610248,0.002542656,0.000937527,0.000468763
ID123,IND_SW,Total,100,100,0,0,0.000445377,0.000389255,0.000334622,6.11E-05
ID124,IND_SW,Total,100,100,NA,NA,0.00023286,0.000245617,0.000179207,8.96E-05
ID125,IND_SW,Total,100,100,NA,NA,0.000727093,0.000794251,0.000555528,0.000248439
ID126,IND_SW,Total,100,100,0,0,0.001042766,0.000479788,0.001270136,0.000423379
ID127,IND_SW,Total,100,100,0,0,0.001064762,0.00051645,0.001269376,0.000401412
ID128,IND_SW,Total,83.33333333,100,28.86751346,16.66666667,0.001001796,0.000633115,0.001076565,0.000287724
ID129,IND_SW,Total,100,100,NA,NA,0.000610538,0.000668285,0.000248394,8.78E-05
ID130,PAC_W,Total,83.33333333,91.66666667,19.24500897,6.085806195,0.000671082,0.000141573,0.001834264,0.000346643
ID131,PAC_W,Total,100,100,0,0,0.000144341,9.11E-05,0.000140972,4.25E-05
ID132,PAC_W,Total,77.77777778,66.66666667,17.39163982,5.243776708,0.000452259,0.000186758,0.000574419,8.86E-05
ID133,PAC_W,Total,93.51851852,100,12.93889059,3.735135982,0.00087466,0.000309264,0.002062858,0.000297748
ID134,PAC_W,Total,68.81944444,70.83333333,27.17892996,7.845881266,0.000216532,0.000200901,0.000238602,3.73E-05
ID135,PAC_W,Total,88.74458874,100,14.59354488,4.40011934,0.00053591,0.000292393,0.000759061,9.97E-05
ID136,PAC_W,Total,100,100,0,0,0.000976927,0.000512096,0.001155476,0.000130832
ID137,PAC_W,Total,53.33333333,60,33.36109955,10.54970598,0.000540029,8.65E-05,0.001275206,0.000218696
ID138,PAC_W,Total,88.95833333,100,16.46516448,4.753083573,0.000874317,0.000516726,0.001134216,0.000113422
ID139,PAC_W,Total,68.8034188,66.66666667,31.84940307,9.194130718,0.000377216,0.000176827,0.000464471,6.64E-05
ID140,PAC_W,Total,56,50,37.8153408,16.91153453,0.00016663,9.98E-05,0.000203103,4.43E-05
ID141,PAC_W,Total,90,100,21.08185107,6.666666667,0.000447499,0.000342047,0.000434131,6.08E-05
ID142,PAC_W,Total,72.91666667,83.33333333,35.56516487,12.57418463,0.000184224,0.000116163,0.000183813,3.68E-05
ID143,PAC_W,Total,69.79166667,70.83333333,31.47734761,11.12892298,0.000262446,0.000157217,0.000352913,6.24E-05
ID144,PAC_W,Total,76.38888889,100,32.92042237,9.503307357,0.000165291,4.83E-05,0.000299211,6.69E-05
ID145,PAC_W,Total,69.79166667,70.83333333,33.90506705,11.98725141,0.000189757,0.00012054,0.000207546,4.42E-05
ID146,PAC_W,Total,100,100,0,0,0.000230605,0.000147707,0.000300218,8.67E-05
ID147,PAC_W,Total,95.92592593,100,8.127077132,2.709025711,0.000584163,0.000224055,0.00099511,0.000102096
ID148,PAC_W,Total,68.22916667,79.16666667,33.77222225,11.94028369,0.000474839,0.000212965,0.000673394,0.000127259
ID149,PAC_W,Total,100,100,0,0,0.000231983,6.96E-05,0.000449214,0.000105881
ID150,PAC_W,Total,100,100,0,0,0.001200119,0.001023685,0.001068281,0.000201886
ID151,PAC_W,Total,100,100,0,0,0.001048274,0.000218714,0.001924895,0.000290189
ID152,PAC_W,Total,100,100,0,0,0.000564966,0.000314608,0.000631903,0.000113493
ID153,PAC_W,Total,69.53042328,69.04761905,13.9454613,4.025707917,0.000540921,0.000454306,0.000500301,6.87E-05
ID154,PAC_W,Total,86.36363636,100,23.35496832,7.041787902,0.000370009,0.000116763,0.000543218,0.00013175
ID155,PAC_W,Total,100,100,0,0,0.000607511,0.000441562,0.000513742,0.000132647
ID156,PAC_W,Total,85.99173554,100,29.91504374,9.019725062,0.000888812,0.000456047,0.001154737,0.00011378
ID157,PAC_W,Total,98.33333333,100,5.773502692,1.666666667,0.000985027,0.00058731,0.001525466,0.000127566
ID158,IND_E,Total,76.51515152,100,40.62330028,12.24838589,0.001713864,0.001186705,0.002009096,0.000284129
ID159,IND_E,Total,66.66666667,100,43.30127019,14.43375673,0.00034513,0.000103717,0.000614661,0.000170476
ID160,IND_E,Total,72.22222222,95.83333333,38.65368992,11.15835914,0.002078889,0.000956026,0.00290773,0.000465609
ID161,IND_E,Total,63.88888889,83.33333333,43.13084001,12.45080105,0.000463876,0.00020428,0.000726129,0.000158454
ID162,PAC_W,Total,81.25,85.41666667,17.36237369,5.012085562,0.000640137,0.000412499,0.000817084,0.000109187
ID163,PAC_W,Total,84.51028139,89.20454545,17.57356745,5.073051948,0.000436343,0.000238198,0.000573412,6.67E-05
ID164,PAC_W,Total,86.58008658,100,17.56177071,5.295073101,0.000558619,0.000347678,0.000721886,9.48E-05
ID165,PAC_W,Total,100,100,0,0,0.001284955,0.000567058,0.001584647,0.000253747
ID166,IND_E,Total,62.5,75,43.30127019,12.5,0.000305149,0.000137649,0.000458984,0.000100159
ID167,IND_E,Total,50,50,53.45224838,18.89822365,0.000112678,7.85E-05,0.000158175,4.77E-05
ID168,PAC_W,Total,100,100,0,0,0.000767976,0.000433876,0.000997895,0.000208075
ID169,PAC_W,Total,97.34848485,100,5.972369037,1.800737019,0.002026755,0.000376096,0.004399148,0.00049184
ID170,IND_E,Total,58.33333333,75,46.87184333,13.53073568,0.000544937,0.000100918,0.001168118,0.000275328
ID171,PAC_W,Total,91.03642066,97.0959596,15.93451986,4.599899664,0.000663874,0.000211335,0.002097463,0.000127412
ID172,PAC_W,Total,75.71428571,100,38.23486317,14.45141991,0.000220576,0.000156044,0.000401899,8.77E-05
ID173,IND_E,Total,74.07407407,100,43.39027598,14.46342533,0.003535876,0.000142832,0.006660879,0.00166522
ID174,PAC_W,Total,31.94444444,25,33.6787657,9.722222222,0.000117176,0,0.000210275,4.38E-05
ID175,PAC_W,Total,80.55555556,83.33333333,22.15266893,9.04378922,0.000120226,4.30E-05,0.000192071,5.54E-05
ID176,IND_E,Total,60,100,54.77225575,24.49489743,0.000207026,4.51E-05,0.000317701,0.00014208
ID177,IND_E,Total,60,100,51.63977795,16.32993162,0.001074665,0.000183748,0.003510112,0.000702022
ID178,PAC_W,Total,91.66666667,100,14.43375673,8.333333333,0.000207927,8.50E-05,0.000344125,5.58E-05
ID179,IND_SW,Total,100,100,0,0,0.000241547,0.000138124,0.000295534,6.30E-05
ID180,IND_SW,Total,100,100,0,0,9.39E-05,6.57E-05,9.34E-05,4.67E-05
ID181,IND_SW,Total,100,100,0,0,0.000192706,0.000141811,0.000205047,3.42E-05
ID182,IND_SW,Total,100,100,0,0,0.000160718,8.90E-05,0.000140216,3.22E-05
ID183,IND_SW,Total,100,100,0,0,0.000160802,8.37E-05,0.000379366,5.37E-05
ID184,IND_SW,Total,100,100,0,0,0.000141682,0.000119886,9.04E-05,2.07E-05
ID185,IND_SW,Total,100,100,0,0,0.000160126,9.78E-05,0.000174897,2.67E-05
ID186,IND_SW,Total,96.96969697,100,5.248638811,3.03030303,8.52E-05,3.47E-05,0.000105593,2.93E-05
ID187,ATL_N,Total,100,100,0,0,0.00048167,0.000229986,0.000609399,0.000157346
ID188,ATL_N,Total,100,100,0,0,0.000657468,0.000500451,0.000674647,0.000168662
ID189,ATL_N,Total,100,100,0,0,0.001396133,0.000395037,0.002028163,0.000383287
ID190,ATL_N,Total,100,100,0,0,0.000868705,0.00089615,0.000361242,0.000120414
ID191,ATL_S,Total,100,100,NA,NA,0.000827781,0.000827781,NA,NA
ID192,ATL_S,Total,100,100,0,0,0.000156781,0.000139838,0.000128128,3.42E-05
ID193,ATL_S,Total,100,100,0,0,0.000151269,0.000113481,0.000106114,2.74E-05
ID194,ATL_S,Total,100,100,0,0,0.000256674,0.000123166,0.000271885,8.60E-05
ID195,ATL_S,Total,100,100,0,0,0.000491417,0.000257633,0.000493939,0.000107786
ID196,IND_E,Total,93.33333333,100,11.54700538,6.666666667,0.000125227,4.34E-05,0.000175321,3.66E-05
ID197,IND_E,Total,90,90,NA,NA,0.000646929,0.000497595,0.000779173,0.000246396
ID198,IND_E,Total,73.61111111,75,16.17325181,6.602702402,0.00117565,0.000699055,0.001440348,0.000339493
ID199,IND_E,Total,83.33333333,83.33333333,NA,NA,0.00053339,0.000437886,0.000538398,0.0002198
ID200,IND_E,Total,68.75,87.5,47.32423622,23.66211811,0.000345924,0.000185391,0.000338324,7.57E-05
ID201,IND_E,Total,87.70833333,85.41666667,8.75,4.375,0.00056704,0.00044004,0.000712062,0.000155385
ID202,IND_E,Total,75,75,35.35533906,25,0.000303703,0.000370041,0.000209433,0.000104716
ID203,IND_E,Total,95,100,10,5,0.000670037,0.000403501,0.000751157,0.000160147
ID204,IND_E,Total,100,100,0,0,0.000943715,0.000752441,0.001145711,0.000306204
ID205,IND_E,Total,100,100,0,0,0.000753563,0.000517839,0.000697237,0.000116206
ID206,IND_E,Total,77.77777778,77.77777778,15.71348403,11.11111111,0.00060004,0.000452076,0.000484005,0.00013972
ID207,IND_E,Total,94.44444444,100,9.622504486,5.555555556,0.000620093,0.000359624,0.000755387,0.000251796
ID208,IND_E,Total,100,100,NA,NA,0.00072264,0.000424806,0.00068513,0.000279703
ID209,IND_E,Total,87.14285714,100,21.66535841,9.689042833,0.00061602,0.000323079,0.000741881,0.000142775
ID210,IND_E,Total,66.66666667,100,57.73502692,33.33333333,0.000783942,0.000536292,0.000974406,0.000324802
ID211,IND_E,Total,88.88888889,100,19.24500897,11.11111111,0.000350957,6.16E-05,0.000550175,0.000126219
ID212,IND_E,Total,80,100,44.72135955,20,0.000348349,0.000195921,0.000361796,6.40E-05
ID213,IND_E,Total,93.75,100,17.67766953,6.25,0.000772349,0.000148669,0.001210346,0.000129763
ID214,IND_E,Total,75,75,35.35533906,25,0.000257708,0.00028808,0.000124192,4.14E-05
ID215,IND_E,Total,75,100,50,25,0.001247828,0.000389168,0.002346864,0.000707606
ID216,IND_E,Total,91.66666667,100,20.41241452,8.333333333,0.001130817,0.0003035,0.001627255,0.000339306
ID217,IND_E,Total,90,100,22.36067977,10,0.000910186,0.000496177,0.001086143,0.000221708
ID218,IND_E,Total,89.13043478,100,21.95544552,9.818773731,0.000281213,9.47E-05,0.000379021,4.35E-05
ID219,IND_E,Total,88.0952381,92.85714286,15.79345138,7.896725691,0.001075754,0.000833918,0.001027152,0.000214176
ID220,IND_E,Total,97.43589744,100,4.441155917,2.564102564,0.000473204,0.000402185,0.000285912,5.31E-05
ID221,IND_E,Total,83.33333333,100,40.82482905,16.66666667,0.000716674,0.000220013,0.001013613,0.000156404
ID222,IND_E,Total,75,75,35.35533906,25,0.000257636,8.62E-05,0.000431465,0.000119667
ID223,IND_E,Total,75,75,35.35533906,25,0.002095828,0.001595624,0.002346194,0.001173097
ID224,IND_E,Total,100,100,0,0,0.000471273,0.000418797,0.000132377,7.64E-05
ID225,IND_E,Total,77.77777778,83.33333333,25.09242176,10.24393829,0.000952425,0.000393046,0.001580031,0.000329459
ID226,IND_E,Total,66.66666667,50,28.86751346,16.66666667,0.001164944,0.00084721,0.001257348,0.000562303
ID227,IND_E,Total,99.23076923,100,2.432521277,0.769230769,0.000836632,0.000239345,0.001657606,0.000148857
ID228,IND_E,Total,96.66666667,100,7.453559925,3.333333333,0.000279857,9.03E-05,0.000467513,6.42E-05
ID229,IND_E,Total,100,100,0,0,0.001153359,0.000853823,0.001026515,0.000235499
ID230,IND_E,Total,100,100,NA,NA,0.000431769,0.000418797,5.44E-05,3.14E-05
ID231,IND_E,Total,95,100,10,5,0.00097036,0.000432987,0.001399764,0.000349941
ID232,IND_E,Total,93.33333333,100,14.90711985,6.666666667,0.001367776,0.000753659,0.001345405,0.000280536
ID233,IND_E,Total,100,100,0,0,0.000361012,0.000219751,0.000494361,9.51E-05
ID234,IND_E,Total,100,100,NA,NA,0.00298381,0.00298381,NA,NA
ID235,IND_E,Total,92.85714286,100,18.89822365,7.142857143,0.002804251,0.001034537,0.005210867,0.001086541
ID236,IND_E,Total,100,100,0,0,0.001183427,0.000674776,0.001318253,0.000177753
ID237,IND_E,Total,100,100,0,0,0.000382666,0.00029718,0.00033809,6.90E-05
ID238,IND_E,Total,100,100,0,0,0.0028298,0.001843211,0.003639079,0.001150778
ID239,IND_E,Total,96.2962963,100,6.728111898,2.74674018,0.000768994,0.000509466,0.001115464,0.000156196
ID240,IND_E,Total,75,100,50,25,0.000658983,0.000496437,0.000625604,0.000197833
ID241,IND_E,Total,97.91666667,100,5.89255651,2.083333333,0.001380088,0.000426144,0.001733454,0.000233739
ID242,IND_E,Total,100,100,0,0,0.000258763,0.000230945,0.000157788,5.96E-05
ID243,IND_E,Total,95.83333333,100,8.333333333,4.166666667,0.000733353,0.000403892,0.000933891,0.000208824
ID244,ATL_N,Total,100,100,0,0,0.000857747,0.0007879,0.001044926,0.000394945
ID245,ATL_N,Total,100,100,0,0,0.001034044,0.001034044,0.000544472,0.000385
ID246,ATL_N,Total,100,100,0,0,0.025688071,0.022104677,0.026662022,0.006116687
ID247,ATL_N,Total,100,100,0,0,0.006393456,0.003203521,0.008314988,0.001187855
ID248,ATL_N,Total,100,100,0,0,0.010249718,0.008420829,0.011347405,0.00197533
ID249,PAC_W,Total,91.3003663,100,13.79730029,5.632724257,0.000429143,0.000112208,0.00083378,7.95E-05
ID250,PAC_W,Total,100,100,NA,NA,8.02E-05,8.02E-05,NA,NA
ID251,PAC_W,Total,88.69047619,91.66666667,13.93416656,6.96708328,0.000989682,5.76E-05,0.002090009,0.000394975
ID252,PAC_W,Total,87.5,87.5,17.67766953,12.5,8.99E-05,8.49E-05,7.15E-05,2.70E-05
ID253,PAC_W,Total,100,100,NA,NA,6.66E-05,6.66E-05,NA,NA
ID254,ATL_N,Total,100,100,0,0,0.005102615,0.004584654,0.005470065,0.001072768
ID255,ATL_N,Total,100,100,0,0,0.00123756,0.001042609,0.000773935,0.000139003
ID256,ATL_N,Total,100,100,0,0,0.010921784,0.007988113,0.009546154,0.00225005
ID257,IND_NW,Total,80.80357143,80.80357143,6.944798744,4.910714286,0.001115144,0.000359249,0.001729844,0.000576615
ID258,IND_NW,Total,99.01785714,100,1.964285714,0.982142857,0.006494934,0.005795266,0.006750102,0.001509369
ID259,IND_NW,Total,99.42857143,100,1.27775313,0.571428571,0.012817441,0.011385259,0.009911909,0.00221637
ID260,IND_NW,Total,97.5,97.5,3.535533906,2.5,0.004377709,0.002647033,0.006114914,0.001695972
ID261,IND_NW,Total,87.85714286,87.85714286,NA,NA,0.002801278,0.001978424,0.002741367,0.001370683
ID262,IND_NW,Total,98.61111111,100,3.402069087,1.388888889,0.00980211,0.007723233,0.011198133,0.001688182
ID263,IND_NW,Total,100,100,0,0,0.006714071,0.004579089,0.006411599,0.002027526
ID264,IND_NW,Total,87.5,87.5,17.67766953,12.5,0.001905848,1.65E-05,0.003274951,0.001890794
ID265,IND_NW,Total,76.15079365,76.15079365,9.484210002,6.706349206,0.002257995,0.000390236,0.003751941,0.001002748
ID266,IND_NW,Total,82.04761905,90.47619048,23.63664219,11.8183211,0.001167216,9.21E-05,0.002169821,0.000511432
ID267,IND_NW,Total,97.77777778,100,3.849001795,2.222222222,0.004195555,0.004921231,0.002003169,0.000603978
ID268,IND_NW,Total,99.10714286,100,1.785714286,0.892857143,0.013401915,0.005389725,0.019393695,0.006132825
ID269,IND_NW,Total,98.57142857,100,2.857142857,1.428571429,0.003706038,0.001262454,0.004707056,0.001305503
ID270,IND_NW,Total,96.82539683,100,5.939138709,2.099802628,0.012666115,0.008722071,0.014585107,0.002538941
ID271,IND_NW,Total,96.73340548,96.72619048,3.089559898,1.261307547,0.009627188,0.007145686,0.009942615,0.001406098
ID272,IND_NW,Total,96.42857143,96.42857143,5.050762723,3.571428571,0.001843876,0.000747927,0.002555653,0.001475507
ID273,IND_NW,Total,89.20068027,89.20068027,15.27254442,10.79931973,2.44E-05,2.25E-05,9.80E-06,3.10E-06
ID274,IND_NW,Total,100,100,NA,NA,0.000667088,0.000505151,0.000743809,0.000429438
ID275,IND_NW,Total,100,100,0,0,0.01329589,0.012020665,0.013609848,0.006804924
ID276,IND_NW,Total,88.52380952,95,14.59234415,6.525894696,0.00308341,0.001921081,0.00301465,0.000615363
ID277,IND_NW,Total,100,100,0,0,0.003489671,0.003549533,0.003731244,0.001865622
ID278,IND_SW,Total,100,100,0,0,0.000131517,0.000122027,4.12E-05,1.24E-05
ID279,IND_SW,Total,100,100,0,0,0.00010684,0.000109057,5.17E-05,1.22E-05
ID280,IND_NW,Total,96.31578947,96.31578947,NA,NA,0.003086233,0.002689059,0.002639543,0.000605553
ID281,IND_NW,Total,100,100,NA,NA,0.000290887,0.000290887,0.000322379,0.000227956
ID282,IND_SW,Total,100,100,0,0,0.000221193,0.000146617,0.000232228,3.16E-05
ID283,IND_SW,Total,100,100,0,0,0.000127641,0.000114269,5.63E-05,7.27E-06
ID284,PAC_W,Total,99.86263736,100,0.274725275,0.137362637,0.000915317,0.000552645,0.000954637,0.000121239
ID285,ATL_N,Total,100,100,0,0,0.000131314,4.59E-05,0.000131145,3.39E-05
ID286,ATL_S,Total,100,100,0,0,0.000730031,0.000845706,0.000246858,6.37E-05
ID287,ATL_N,Total,100,100,NA,NA,0.000338033,0.00014003,0.000336226,8.68E-05
ID288,PAC_E,Total,100,100,NA,NA,0.000414795,0.000256764,0.000408197,0.000123076
ID289,PAC_E,Total,100,100,0,0,0.000175954,0.000110013,0.000165557,2.12E-05
ID290,PAC_E,Total,100,100,NA,NA,0.001089576,0.000220537,0.002598061,0.00086602
ID291,PAC_E,Total,100,100,NA,NA,5.42E-05,5.69E-05,1.88E-05,7.68E-06
ID292,IND_NW,Total,99.44444444,100,1.242259987,0.555555556,0.002568578,0.001780428,0.002647569,0.000624038
ID293,IND_NW,Total,100,100,0,0,0.002255253,0.001757125,0.001851336,0.000617112
ID294,IND_NW,Total,100,100,0,0,0.004219414,0.0041317,0.002306336,0.000815413
ID295,IND_NW,Total,100,100,NA,NA,0.030029497,0.030029497,NA,NA
ID296,IND_NW,Total,100,100,NA,NA,0.002108107,0.00220057,0.000461371,0.000230685
ID297,IND_NW,Total,100,100,0,0,0.004191018,0.003333036,0.003203166,0.00113249
ID298,IND_NW,Total,100,100,0,0,0.005049058,0.004046786,0.002915408,0.001457704
ID299,IND_NW,Total,96.11111111,100,8.695819912,3.888888889,0.003092879,0.002836669,0.002125723,0.000531431
ID300,IND_NW,Total,100,100,0,0,0.023387826,0.015316572,0.027368824,0.0070666
ID301,IND_NW,Total,100,100,0,0,0.013420282,0.011662633,0.010847862,0.004428621
ID302,IND_NW,Total,99.33333333,100,1.632993162,0.666666667,0.010027779,0.010288235,0.004611871,0.001118543
ID303,IND_NW,Total,100,100,0,0,0.014225784,0.008022149,0.016698488,0.003935871
ID304,IND_NW,Total,100,100,0,0,0.010522964,0.006525263,0.00941984,0.001922817
ID305,IND_NW,Total,100,100,0,0,0.021996086,0.013802043,0.021992954,0.00377176
ID306,ATL_N,Total,100,100,0,0,0.001034015,0.000562342,0.000846331,0.000172757
ID307,ATL_N,Total,100,100,NA,NA,0.003661378,0.002678587,0.002539085,0.001269542
ID308,ATL_N,Total,100,100,NA,NA,0.000868861,0.000611392,0.000809335,0.000233635
ID309,ATL_N,Total,100,100,0,0,0.003911775,0.002960179,0.003929469,0.000599238
ID310,ATL_N,Total,87.82312925,87.82312925,2.982355132,2.108843537,0.000887549,0.000808414,0.000680983,0.000175829
ID311,ATL_N,Total,97.6566182,100,3.542870969,1.339079359,0.002653593,0.002093236,0.002519735,0.00022015
ID312,ATL_N,Total,95.4716811,99.24242424,9.509804008,3.882361229,0.001064123,0.000832939,0.00096763,0.000104342
ID313,ATL_N,Total,100,100,0,0,0.001420239,0.000834632,0.001627978,0.000283395
ID314,ATL_N,Total,97.45748299,97.61904762,1.71587599,0.767363071,0.000859996,0.000808628,0.000481039,6.06E-05
ID315,ATL_N,Total,97.22222222,100,6.804138174,2.777777778,0.000478689,0.000354714,0.000421662,5.90E-05
ID316,ATL_N,Total,94.73801507,97.72727273,5.382949973,3.107847616,0.001245831,0.001043684,0.001104223,0.000142555
ID317,ATL_N,Total,100,100,0,0,0.001334003,0.000895947,0.001143788,0.000140791
ID318,ATL_N,Total,97.98051948,100,3.778634359,1.689856658,0.002237839,0.000903316,0.00287555,0.000365195
ID319,ATL_N,Total,97.98185941,100,3.554887368,1.343621131,0.002604951,0.001922265,0.00220166,0.000357156
ID320,ATL_N,Total,98.08441558,100,3.831168831,1.915584416,0.002380159,0.001624982,0.002657217,0.000462562
ID321,ATL_N,Total,93.66233766,92.98701299,6.028436577,3.480519481,0.002469705,0.001939824,0.002010594,0.000438748
ID322,ATL_N,Total,91.66666667,95,10.42193744,5.210968721,0.000975,0.000874282,0.000609708,0.000133049
ID323,ATL_N,Total,99.77777778,100,0.496903995,0.222222222,0.000839382,0.000616302,0.000772275,0.000116425
ID324,ATL_N,Total,98.57429335,98.7394958,1.668221862,0.834110931,0.001699018,0.000889287,0.00225261,0.000312381
ID325,ATL_N,Total,96.61375661,100,5.865145592,3.386243386,0.003020456,0.002518543,0.002905295,0.000619411
ID326,ATL_N,Total,99.80392157,100,0.438444701,0.196078431,0.001722726,0.001241421,0.001760811,0.000216741
ID327,ATL_N,Total,97.2985348,100,5.402930403,2.701465201,0.000943758,0.000707911,0.000847825,0.000145401
ID328,ATL_N,Total,98.19047619,100,2.688684612,1.016227262,0.002399513,0.001404895,0.003257875,0.000314951
ID329,ATL_N,Total,92.43386243,93.33333333,8.053633101,4.649767239,0.000864881,0.000678931,0.000488219,0.000135408
ID330,ATL_N,Total,100,100,0,0,0.000959818,0.000634619,0.001244923,0.000248985
ID331,PAC_E,Total,100,100,0,0,0.001020596,0.001185282,0.000603657,0.000269964
ID332,PAC_E,Total,100,100,0,0,0.000218304,0.000210029,0.000178029,3.56E-05
ID333,PAC_E,Total,99.0625,100,2.296396634,0.9375,0.000158276,9.98E-05,0.000169646,1.91E-05
ID334,PAC_E,Total,100,100,NA,NA,0.000326512,0.00031856,0.000105369,4.71E-05
ID335,PAC_E,Total,100,100,0,0,0.000657951,0.000278533,0.000737053,0.000260588
ID336,PAC_E,Total,100,100,0,0,0.000920515,0.000670779,0.000855892,0.000174708
ID337,PAC_E,Total,100,100,0,0,0.000211647,5.27E-05,0.000336774,9.34E-05
ID338,PAC_E,Total,100,100,0,0,0.000340804,0.000138108,0.000440532,0.000110133
ID339,ATL_S,Total,100,100,0,0,0.00010662,9.02E-05,7.04E-05,1.88E-05
ID340,ATL_S,Total,100,100,0,0,0.000277328,0.000313167,0.000186595,2.81E-05
ID341,ATL_S,Total,100,100,0,0,0.000137428,5.44E-05,0.000195154,4.07E-05
ID342,ATL_S,Total,100,100,NA,NA,0.000335909,0.000335909,NA,NA
ID343,ATL_S,Total,100,100,NA,NA,0.000100124,5.13E-05,0.000102239,5.11E-05
ID344,ATL_S,Total,100,100,0,0,0.000171131,0.000145813,9.47E-05,2.99E-05
ID345,ATL_S,Total,100,100,0,0,9.43E-05,6.33E-05,5.73E-05,2.56E-05
ID346,ATL_S,Total,100,100,0,0,0.000141421,1.00E-04,9.34E-05,1.95E-05
ID347,PAC_E,Total,100,100,0,0,0.000290193,0.00030986,0.000226299,6.82E-05
ID348,PAC_E,Total,98.80952381,100,2.380952381,1.19047619,0.000800426,0.000348803,0.000963473,0.000158394